<application>
  <component name="UISettings">
    <option name="EDITOR_TAB_LIMIT" value="5" />
    <option name="EDITOR_TAB_PLACEMENT" value="0" />
    <option name="HIDE_TOOL_STRIPES" value="true" />
    <option name="OPEN_TABS_AT_THE_END" value="true" />
    <option name="REMEMBER_SIZE_FOR_EACH_TOOL_WINDOW_NEW_UI" value="true" />
    <option name="SHOW_EDITOR_TOOLTIP" value="false" />
    <option name="SHOW_STATUS_BAR" value="false" />
    <option name="UI_DENSITY" value="COMPACT" />
  </component>
</application>