<application>
  <component name="CodeGlance Pro">
    <option name="consoleWidth" value="75" />
    <option name="delayHoveringToShowScrollBar" value="2000" />
    <option name="diffWidth" value="65" />
    <option name="editorKindsStr" value="MAIN_EDITOR,PREVIEW,DIFF,CONSOLE" />
    <option name="enableBookmarksMark" value="false" />
    <option name="enableMarker" value="false" />
    <option name="locked" value="true" />
    <option name="mainWidth" value="75" />
    <option name="moveOnly" value="true" />
    <option name="previewWidth" value="65" />
    <option name="rightAligned" value="false" />
    <option name="unTypedWidth" value="75" />
    <option name="useEmptyMinimapStr" value="PREVIEW,DIFF,UNTYPED,MAIN_EDITOR,CONSOLE" />
    <option name="useFastMinimapForMain" value="false" />
    <option name="viewportBorderColor" value="24273a" />
    <option name="viewportColor" value="e6e6e6" />
  </component>
</application>