<application>
  <component name="CodeGlance Pro">
    <option name="consoleWidth" value="100" />
    <option name="delayHoveringToShowScrollBar" value="1000" />
    <option name="diffWidth" value="70" />
    <option name="editorKinds">
      <set>
        <option value="MAIN_EDITOR" />
        <option value="DIFF" />
        <option value="CONSOLE" />
      </set>
    </option>
    <option name="locked" value="true" />
    <option name="mainWidth" value="100" />
    <option name="moveOnly" value="true" />
    <option name="previewWidth" value="70" />
    <option name="rightAligned" value="false" />
    <option name="unTypedWidth" value="100" />
    <option name="useEmptyMinimap">
      <set>
        <option value="DIFF" />
      </set>
    </option>
    <option name="viewportBorderColor" value="24273a" />
    <option name="viewportColor" value="e6e6e6" />
  </component>
</application>