<application>
  <component name="com.intellij.ide.ui.customization.CustomActionsSchema">
    <group value="SearchEverywhere" is_action="true" action_type="-1" position="4">
      <path value="root" />
      <path value="Main Toolbar" />
      <path value="Right" />
    </group>
    <group value="CodeWithMeToolbarGroupNewUi" is_group="true" forse_popup="false" action_type="-1" position="3">
      <path value="root" />
      <path value="Main Toolbar" />
      <path value="Right" />
    </group>
    <group value="main.toolbar.Filename" is_action="true" action_type="-1" position="0">
      <path value="root" />
      <path value="Main Toolbar" />
      <path value="Center" />
    </group>
    <group value="EditSource" is_action="true" action_type="1" position="3">
      <path value="root" />
      <path value="Main Toolbar" />
      <path value="Left" />
    </group>
    <group value="EditSource" is_action="true" action_type="1" position="3">
      <path value="root" />
      <path value="Main Toolbar" />
      <path value="Right" />
    </group>
    <group value="ActivateHierarchyToolWindow" is_action="true" action_type="1" position="4">
      <path value="root" />
      <path value="Main Toolbar" />
      <path value="Left" />
    </group>
    <group value="ActivateFindToolWindow" is_action="true" action_type="1" position="4">
      <path value="root" />
      <path value="Main Toolbar" />
      <path value="Right" />
    </group>
    <group value="ActivateServicesToolWindow" is_action="true" action_type="1" position="5">
      <path value="root" />
      <path value="Main Toolbar" />
      <path value="Left" />
    </group>
    <group value="ActivateProjectToolWindow" is_action="true" action_type="1" position="5">
      <path value="root" />
      <path value="Main Toolbar" />
      <path value="Right" />
    </group>
    <group value="ActivateTerminalToolWindow" is_action="true" action_type="1" position="6">
      <path value="root" />
      <path value="Main Toolbar" />
      <path value="Left" />
    </group>
    <group value="ActivateJPAExplorerToolWindow" is_action="true" action_type="1" position="6">
      <path value="root" />
      <path value="Main Toolbar" />
      <path value="Right" />
    </group>
    <group value="Vcs.ShowTabbedFileHistory" is_action="true" action_type="1" position="7">
      <path value="root" />
      <path value="Main Toolbar" />
      <path value="Left" />
    </group>
    <group value="ActivateDatabaseToolWindow" is_action="true" action_type="1" position="7">
      <path value="root" />
      <path value="Main Toolbar" />
      <path value="Right" />
    </group>
    <group value="CollapseAllRegions" is_action="true" action_type="1" position="8">
      <path value="root" />
      <path value="Main Toolbar" />
      <path value="Left" />
    </group>
    <group value="ActivateJPABuddyToolWindow" is_action="true" action_type="1" position="8">
      <path value="root" />
      <path value="Main Toolbar" />
      <path value="Right" />
    </group>
    <group value="OpenEditorInOppositeTabGroup" is_action="true" action_type="1" position="9">
      <path value="root" />
      <path value="Main Toolbar" />
      <path value="Left" />
    </group>
    <group value="GotoTest" is_action="true" action_type="1" position="10">
      <path value="root" />
      <path value="Main Toolbar" />
      <path value="Left" />
    </group>
    <group seperator="true" action_type="1" position="11">
      <path value="root" />
      <path value="Main Toolbar" />
      <path value="Left" />
    </group>
    <group value="main.toolbar.Filename" is_action="true" action_type="1" position="12">
      <path value="root" />
      <path value="Main Toolbar" />
      <path value="Left" />
    </group>
    <action id="SliceBackward" icon="StreamTracerAction" />
    <action id="main.toolbar.Filename" icon="jar:file:/Applications/IntelliJ%20IDEA.app/Contents/lib/app-client.jar!/expui/toolbar/unknown.svg" />
    <action id="ActivateStructureToolWindow" icon="Graph.ShowStructureViewForSelectedNode" />
    <action id="CollapseRegionRecursively" icon="CollapseAll" />
    <action id="CollapseAllRegions" icon="CollapseRegionRecursively" />
    <action id="ActivateProfilerToolWindow" icon="RunTab.ProfileActions" />
    <action id="GotoTest" icon="UsageGrouping.Scope" />
    <action id="ActivateTerminalToolWindow" icon="Terminal.OpenInTerminal" />
    <action id="ExpandRegion" icon="CollapseRegionRecursively" />
    <action id="OpenEditorInOppositeTabGroup" icon="SplitVertically" />
    <action id="HideAllWindows" icon="Vcs.Diff.ShowDiffInNewWindow" />
  </component>
</application>