<application>
  <component name="DownloadModelConsentState">
    <option name="lastNotificationTimestamps">
      <map>
        <entry language="CSS" lastNotificationTimestamp="1734199436876" />
        <entry language="HTML" lastNotificationTimestamp="1729454724834" />
        <entry language="JavaScript" lastNotificationTimestamp="1732368840786" />
      </map>
    </option>
  </component>
  <component name="InlineShortcutChoice">
    <option name="choiceShownTimes" value="50" />
  </component>
  <component name="MLServerCompletionSettings">
    <LangState language_id="kotlin">
      <option name="enabled" value="false" />
    </LangState>
  </component>
</application>