<application>
  <component name="BuildProcessSatisfactionSurveyStore">
    <option name="daysWithGradleBuilds" value="2" />
    <option name="firstKotlinGradleBuildTime" value="1731346493" />
    <option name="lastKotlinGradleBuildTime" value="1731531226" />
    <option name="nextCountedGradleBuild" value="1731617168" />
  </component>
  <component name="KotlinNewUserTracker">
    <option name="firstKtFileOpened" value="1712855953" />
    <option name="lastKtFileOpened" value="1731530960" />
    <option name="newKtUserSince" value="1731346447" />
  </component>
</application>