<application>
  <component name="ActionMacroManager">
    <macro name="final var">
      <typing text-keycode="70:0;73:0;78:0;65:0;76:0;32:0;86:0;65:0;82:0;32:0">final&amp;#x20;var&amp;#x20;</typing>
    </macro>
    <macro name="nonnull final">
      <typing text-keycode="50:1;78:1;79:0;78:0;78:1;85:0;76:0;76:0;32:0;70:0;73:0;78:0;65:0;76:0;32:0">@NonNull&amp;#x20;final&amp;#x20;</typing>
    </macro>
    <macro name="private final">
      <typing text-keycode="80:0;82:0;73:0;86:0;65:0;84:0;69:0;32:0;70:0;73:0;78:0;65:0;76:0;32:0">private&amp;#x20;final&amp;#x20;</typing>
    </macro>
  </component>
</application>