<application>
  <component name="Trusted.Paths">
    <option name="TRUSTED_PROJECT_PATHS">
      <map>
        <entry key="$USER_HOME$/Downloads/ICS-Interview-Java" value="true" />
        <entry key="$USER_HOME$/Downloads/app" value="true" />
        <entry key="$USER_HOME$/Work/app" value="true" />
        <entry key="$USER_HOME$/Work/dwell/CodeGlancePro" value="true" />
        <entry key="$USER_HOME$/Work/dwell/libs" value="true" />
        <entry key="$USER_HOME$/Work/gameloft/gameloft" value="true" />
        <entry key="$USER_HOME$/Work/refer/code/referapi" value="true" />
        <entry key="$USER_HOME$/Work/refer/code/ui/app.referui" value="true" />
        <entry key="$USER_HOME$/Work/refer/code/ui/pages.referui" value="true" />
        <entry key="$USER_HOME$/Work/refer/code/ui/referui" value="true" />
        <entry key="$USER_HOME$/Work/refer/openapi/referapi/referapi-ts-client" value="true" />
        <entry key="$USER_HOME$/Work/refer/test/refer-test/referapi" value="true" />
        <entry key="$USER_HOME$/Work/writing/first" value="true" />
      </map>
    </option>
  </component>
  <component name="Trusted.Paths.Settings">
    <option name="TRUSTED_PATHS">
      <list>
        <option value="$USER_HOME$/Work/refer/code" />
        <option value="$USER_HOME$/Work/dwell" />
        <option value="$USER_HOME$/Work/refer/openapi/referapi" />
        <option value="$USER_HOME$/Work/refer/test/refer-test" />
      </list>
    </option>
  </component>
</application>