<application>
  <component name="DimensionService">
    <location key="find.popup.0.0.2560.1440@144dpi" x="0" y="0" />
    <size key="find.popup.0.0.2560.1440@144dpi" width="917" height="732" />
    <size key="GridCell.Tab.0.left.0.0.2560.1440@144dpi" width="2560" height="427" />
    <size key="GridCell.Tab.0.center.0.0.2560.1440@144dpi" width="2560" height="427" />
    <size key="GridCell.Tab.0.right.0.0.2560.1440@144dpi" width="2560" height="427" />
    <size key="GridCell.Tab.0.bottom.0.0.2560.1440@144dpi" width="2560" height="427" />
    <size key="GridCell.Tab.1.left.0.0.2560.1440@144dpi" width="2560" height="427" />
    <size key="GridCell.Tab.1.center.0.0.2560.1440@144dpi" width="2560" height="427" />
    <size key="GridCell.Tab.1.right.0.0.2560.1440@144dpi" width="2560" height="427" />
    <size key="GridCell.Tab.1.bottom.0.0.2560.1440@144dpi" width="2560" height="427" />
    <size key="GridCell.Tab.2.left.0.0.2560.1440@144dpi" width="2560" height="1344" />
    <size key="GridCell.Tab.2.center.0.0.2560.1440@144dpi" width="2560" height="1344" />
    <size key="GridCell.Tab.2.right.0.0.2560.1440@144dpi" width="2560" height="1344" />
    <size key="GridCell.Tab.2.bottom.0.0.2560.1440@144dpi" width="2560" height="1344" />
  </component>
  <component name="WindowManager">
    <frame x="0" y="0" width="2560" height="1440" extendedState="6" />
  </component>
  <component name="WindowStateApplicationService">
    <state x="988" y="240" key="#HTTP_Proxy" timestamp="1724338082416">
      <screen x="0" y="0" width="2560" height="1440" />
    </state>
    <state x="988" y="240" key="#HTTP_Proxy/0.0.2560.1440" timestamp="1724338082416" />
    <state x="680" y="192" key="#com.intellij.openapi.updateSettings.impl.PluginUpdateInfoDialog" timestamp="1724085762432">
      <screen x="0" y="0" width="2560" height="1440" />
    </state>
    <state x="680" y="192" key="#com.intellij.openapi.updateSettings.impl.PluginUpdateInfoDialog/0.0.2560.1440" timestamp="1724085762432" />
    <state width="1455" height="212" key="ShowUsagesActions.dimensionServiceKey" timestamp="1728386699290">
      <screen x="0" y="0" width="2560" height="1440" />
    </state>
    <state width="1455" height="212" key="ShowUsagesActions.dimensionServiceKey/0.0.2560.1440" timestamp="1728386699290" />
    <state x="1280" y="642" width="1200" height="975" key="WELCOME_SCREEN" timestamp="1728826007357">
      <screen x="0" y="0" width="2560" height="1440" />
    </state>
    <state x="1280" y="642" width="1200" height="975" key="WELCOME_SCREEN/0.0.2560.1440" timestamp="1728826007357" />
  </component>
</application>