<application>
  <component name="DimensionService">
    <location key="find.popup.0.0.2560.1440@144dpi" x="0" y="0" />
    <location key="find.popup.0.0.2560.1440@120dpi" x="971" y="135" />
    <size key="find.popup.0.0.2560.1440@144dpi" width="2560" height="1440" />
    <size key="GridCell.Tab.0.left.0.0.2560.1440@144dpi" width="2560" height="1343" />
    <size key="GridCell.Tab.0.center.0.0.2560.1440@144dpi" width="2560" height="1343" />
    <size key="GridCell.Tab.0.right.0.0.2560.1440@144dpi" width="2560" height="1343" />
    <size key="GridCell.Tab.0.bottom.0.0.2560.1440@144dpi" width="2560" height="1343" />
    <size key="GridCell.Tab.1.left.0.0.2560.1440@144dpi" width="2560" height="1343" />
    <size key="GridCell.Tab.1.center.0.0.2560.1440@144dpi" width="2560" height="1343" />
    <size key="GridCell.Tab.1.right.0.0.2560.1440@144dpi" width="2560" height="1343" />
    <size key="GridCell.Tab.1.bottom.0.0.2560.1440@144dpi" width="2560" height="1343" />
    <size key="GridCell.Tab.2.left.0.0.2560.1440@144dpi" width="2560" height="1343" />
    <size key="GridCell.Tab.2.center.0.0.2560.1440@144dpi" width="2560" height="1343" />
    <size key="GridCell.Tab.2.right.0.0.2560.1440@144dpi" width="2560" height="1343" />
    <size key="GridCell.Tab.2.bottom.0.0.2560.1440@144dpi" width="2560" height="1343" />
    <size key="GridCell.Tab.0.left.0.0.2560.1440@120dpi" width="2560" height="1360" />
    <size key="GridCell.Tab.0.center.0.0.2560.1440@120dpi" width="2560" height="1360" />
    <size key="GridCell.Tab.0.right.0.0.2560.1440@120dpi" width="2560" height="1360" />
    <size key="GridCell.Tab.0.bottom.0.0.2560.1440@120dpi" width="2560" height="1360" />
    <size key="find.popup.0.0.2560.1440@120dpi" width="837" height="660" />
    <size key="GridCell.Tab.1.left.0.0.2560.1440@120dpi" width="2560" height="1360" />
    <size key="GridCell.Tab.1.center.0.0.2560.1440@120dpi" width="2560" height="1360" />
    <size key="GridCell.Tab.1.right.0.0.2560.1440@120dpi" width="2560" height="1360" />
    <size key="GridCell.Tab.1.bottom.0.0.2560.1440@120dpi" width="2560" height="1360" />
    <size key="GridCell.Tab.2.left.0.0.2560.1440@120dpi" width="2560" height="1360" />
    <size key="GridCell.Tab.2.center.0.0.2560.1440@120dpi" width="2560" height="1360" />
    <size key="GridCell.Tab.2.right.0.0.2560.1440@120dpi" width="2560" height="1360" />
    <size key="GridCell.Tab.2.bottom.0.0.2560.1440@120dpi" width="2560" height="1360" />
    <size key="GridCell.Tab.3.left.0.0.2560.1440@120dpi" width="2560" height="1360" />
    <size key="GridCell.Tab.3.center.0.0.2560.1440@120dpi" width="2560" height="1360" />
    <size key="GridCell.Tab.3.right.0.0.2560.1440@120dpi" width="2560" height="1360" />
    <size key="GridCell.Tab.3.bottom.0.0.2560.1440@120dpi" width="2560" height="1360" />
    <size key="GridCell.Tab.4.left.0.0.2560.1440@120dpi" width="2560" height="1360" />
    <size key="GridCell.Tab.4.center.0.0.2560.1440@120dpi" width="2560" height="1360" />
    <size key="GridCell.Tab.4.right.0.0.2560.1440@120dpi" width="2560" height="1360" />
    <size key="GridCell.Tab.4.bottom.0.0.2560.1440@120dpi" width="2560" height="1360" />
    <size key="GridCell.Tab.5.left.0.0.2560.1440@120dpi" width="2560" height="1360" />
    <size key="GridCell.Tab.5.center.0.0.2560.1440@120dpi" width="2560" height="1360" />
    <size key="GridCell.Tab.5.right.0.0.2560.1440@120dpi" width="2560" height="1360" />
    <size key="GridCell.Tab.5.bottom.0.0.2560.1440@120dpi" width="2560" height="1360" />
  </component>
  <component name="WindowManager">
    <frame x="0" y="0" width="2560" height="1440" extendedState="6" />
  </component>
  <component name="WindowStateApplicationService">
    <state width="729" height="210" key="ShowUsagesActions.dimensionServiceKey" timestamp="1734903465815">
      <screen x="0" y="0" width="2560" height="1440" />
    </state>
    <state width="729" height="210" key="ShowUsagesActions.dimensionServiceKey/0.0.2560.1440" timestamp="1734903465815" />
    <state x="1280" y="642" width="1200" height="975" key="WELCOME_SCREEN" timestamp="1734981714015">
      <screen x="0" y="0" width="2560" height="1440" />
    </state>
    <state x="1280" y="642" width="1200" height="975" key="WELCOME_SCREEN/0.0.2560.1440" timestamp="1734981714015" />
  </component>
</application>