<keymap version="1" name="VSCode (choch2)" parent="VSCode">
  <action id="$Copy">
    <keyboard-shortcut first-keystroke="ctrl c" />
    <keyboard-shortcut first-keystroke="shift ctrl c" />
  </action>
  <action id="$Cut">
    <keyboard-shortcut first-keystroke="shift delete" />
  </action>
  <action id="$Paste">
    <keyboard-shortcut first-keystroke="ctrl v" />
    <keyboard-shortcut first-keystroke="shift ctrl v" />
  </action>
  <action id="$Redo">
    <keyboard-shortcut first-keystroke="shift ctrl z" />
    <keyboard-shortcut first-keystroke="shift alt back_space" />
    <keyboard-shortcut first-keystroke="alt y" />
  </action>
  <action id="ActivateBookmarksToolWindow">
    <keyboard-shortcut first-keystroke="alt s" />
  </action>
  <action id="ActivateCommitToolWindow" />
  <action id="ActivateFindToolWindow">
    <keyboard-shortcut first-keystroke="alt 3" />
    <keyboard-shortcut first-keystroke="alt minus" />
  </action>
  <action id="ActivateHierarchyToolWindow">
    <keyboard-shortcut first-keystroke="alt l" />
  </action>
  <action id="ActivateProjectToolWindow">
    <keyboard-shortcut first-keystroke="shift ctrl e" />
    <keyboard-shortcut first-keystroke="alt p" />
  </action>
  <action id="ActivateServicesToolWindow">
    <keyboard-shortcut first-keystroke="ctrl open_bracket" />
  </action>
  <action id="ActivateStructureToolWindow" />
  <action id="ActivateTerminalToolWindow">
    <keyboard-shortcut first-keystroke="ctrl back_quote" />
    <keyboard-shortcut first-keystroke="ctrl t" />
  </action>
  <action id="Back">
    <keyboard-shortcut first-keystroke="ctrl minus" />
  </action>
  <action id="CallHierarchy">
    <keyboard-shortcut first-keystroke="shift alt h" />
    <keyboard-shortcut first-keystroke="ctrl l" />
  </action>
  <action id="CheckinProject">
    <keyboard-shortcut first-keystroke="ctrl 9" />
  </action>
  <action id="ChooseRunConfiguration" />
  <action id="CodeCompletion">
    <keyboard-shortcut first-keystroke="ctrl space" />
  </action>
  <action id="CollapseAllRegions">
    <keyboard-shortcut first-keystroke="ctrl k" second-keystroke="ctrl 0" />
    <keyboard-shortcut first-keystroke="ctrl 7" />
  </action>
  <action id="CommentByBlockComment">
    <keyboard-shortcut first-keystroke="shift alt a" />
    <keyboard-shortcut first-keystroke="alt slash" />
  </action>
  <action id="CompareClipboardWithSelection">
    <keyboard-shortcut first-keystroke="ctrl k" second-keystroke="c" />
    <keyboard-shortcut first-keystroke="alt k" />
  </action>
  <action id="Console.TableResult.NavigateExportedAction">
    <keyboard-shortcut first-keystroke="shift alt f12" />
  </action>
  <action id="DatabaseView.CopyDdlAction">
    <keyboard-shortcut first-keystroke="shift ctrl alt g" />
  </action>
  <action id="DatabaseView.DataSourceCutAction">
    <keyboard-shortcut first-keystroke="shift delete" />
  </action>
  <action id="Debug">
    <keyboard-shortcut first-keystroke="f5" />
    <keyboard-shortcut first-keystroke="ctrl e" />
  </action>
  <action id="Diff.ShowDiff">
    <keyboard-shortcut first-keystroke="alt 9" />
  </action>
  <action id="Documentation.Forward" />
  <action id="DuplicatesForm.SendToLeft" />
  <action id="DuplicatesForm.SendToRight" />
  <action id="EditBreakpoint">
    <keyboard-shortcut first-keystroke="shift ctrl f8" />
    <keyboard-shortcut first-keystroke="ctrl b" />
  </action>
  <action id="EditSource">
    <keyboard-shortcut first-keystroke="f4" />
    <keyboard-shortcut first-keystroke="ctrl j" />
  </action>
  <action id="Editor Copy">
    <keyboard-shortcut first-keystroke="shift ctrl c" />
  </action>
  <action id="Editor Paste">
    <keyboard-shortcut first-keystroke="shift ctrl v" />
  </action>
  <action id="Editor Redo">
    <keyboard-shortcut first-keystroke="alt y" />
  </action>
  <action id="EditorCut">
    <keyboard-shortcut first-keystroke="shift delete" />
  </action>
  <action id="EditorDecreaseFontSize" />
  <action id="EditorDuplicate">
    <keyboard-shortcut first-keystroke="shift alt down" />
    <keyboard-shortcut first-keystroke="alt d" />
    <keyboard-shortcut first-keystroke="shift alt d" />
  </action>
  <action id="EditorIncreaseFontSize" />
  <action id="EditorScrollBottom">
    <keyboard-shortcut first-keystroke="alt 2" />
  </action>
  <action id="EditorScrollToCenter" />
  <action id="EditorScrollTop">
    <keyboard-shortcut first-keystroke="alt 1" />
  </action>
  <action id="EditorSelectLine" />
  <action id="EditorSelectWord">
    <keyboard-shortcut first-keystroke="shift alt right" />
    <keyboard-shortcut first-keystroke="ctrl x" />
  </action>
  <action id="EditorToggleUseSoftWraps">
    <keyboard-shortcut first-keystroke="shift alt z" />
  </action>
  <action id="EditorUnSelectWord">
    <keyboard-shortcut first-keystroke="shift ctrl w" />
    <keyboard-shortcut first-keystroke="ctrl d" />
  </action>
  <action id="EditorUnindentSelection">
    <keyboard-shortcut first-keystroke="shift tab" />
  </action>
  <action id="EvaluateExpression">
    <keyboard-shortcut first-keystroke="alt z" />
  </action>
  <action id="ExpandRegionRecursively">
    <keyboard-shortcut first-keystroke="ctrl k" second-keystroke="ctrl close_bracket" />
    <keyboard-shortcut first-keystroke="alt 7" />
  </action>
  <action id="ExportToTextFile" />
  <action id="FileChooser.GoForward" />
  <action id="FileChooser.GotoHome" />
  <action id="FileChooser.GotoProject" />
  <action id="FileChooser.NewFile" />
  <action id="FileStructurePopup">
    <keyboard-shortcut first-keystroke="shift ctrl o" />
    <keyboard-shortcut first-keystroke="ctrl y" />
  </action>
  <action id="FindUsages">
    <keyboard-shortcut first-keystroke="shift alt f12" />
    <keyboard-shortcut first-keystroke="alt equals" />
  </action>
  <action id="ForceRunToCursor">
    <keyboard-shortcut first-keystroke="ctrl alt f9" />
    <keyboard-shortcut first-keystroke="alt c" />
  </action>
  <action id="Forward" />
  <action id="Generate">
    <keyboard-shortcut first-keystroke="alt quote" />
  </action>
  <action id="GotoBookmark0" />
  <action id="GotoBookmark1" />
  <action id="GotoBookmark2" />
  <action id="GotoBookmark7" />
  <action id="GotoBookmark8" />
  <action id="GotoBookmark9" />
  <action id="GotoClass">
    <keyboard-shortcut first-keystroke="ctrl i" />
  </action>
  <action id="GotoDeclaration">
    <keyboard-shortcut first-keystroke="f12" />
    <keyboard-shortcut first-keystroke="ctrl equals" />
  </action>
  <action id="GotoSymbol">
    <keyboard-shortcut first-keystroke="shift ctrl o" />
    <keyboard-shortcut first-keystroke="ctrl o" />
  </action>
  <action id="GotoTest">
    <keyboard-shortcut first-keystroke="ctrl semicolon" />
  </action>
  <action id="GotoTypeDeclaration">
    <mouse-shortcut keystroke="shift control button1" />
    <keyboard-shortcut first-keystroke="ctrl 0" />
  </action>
  <action id="GotoUrlAction">
    <keyboard-shortcut first-keystroke="shift ctrl back_slash" />
    <keyboard-shortcut first-keystroke="ctrl u" />
  </action>
  <action id="GuiDesigner.QuickJavadoc">
    <keyboard-shortcut first-keystroke="ctrl k" second-keystroke="ctrl i" />
  </action>
  <action id="HideActiveWindow" />
  <action id="HideAllWindows">
    <keyboard-shortcut first-keystroke="alt i" />
  </action>
  <action id="HideSideWindows" />
  <action id="HippieCompletion" />
  <action id="Hotswap">
    <keyboard-shortcut first-keystroke="ctrl q" />
  </action>
  <action id="Images.Editor.ToggleGrid" />
  <action id="JumpToLastChange">
    <keyboard-shortcut first-keystroke="ctrl k" second-keystroke="ctrl q" />
    <keyboard-shortcut first-keystroke="alt up" />
  </action>
  <action id="Macro.final var">
    <keyboard-shortcut first-keystroke="alt t" />
  </action>
  <action id="Macro.nonnull final">
    <keyboard-shortcut first-keystroke="alt 6" />
  </action>
  <action id="Macro.private final">
    <keyboard-shortcut first-keystroke="alt g" />
  </action>
  <action id="Markdown.Layout.PreviewOnly" />
  <action id="MavenHelper.QuickRunMavenGoal">
    <keyboard-shortcut first-keystroke="ctrl alt r" />
    <keyboard-shortcut first-keystroke="ctrl m" />
  </action>
  <action id="MoveLineDown" />
  <action id="MoveLineUp" />
  <action id="NextWindow">
    <keyboard-shortcut first-keystroke="alt right" />
  </action>
  <action id="OpenEditorInOppositeTabGroup">
    <keyboard-shortcut first-keystroke="alt semicolon" />
  </action>
  <action id="OpenFile" />
  <action id="PCFindUsagesAction">
    <keyboard-shortcut first-keystroke="shift alt f12" />
  </action>
  <action id="PinActiveEditorTab">
    <keyboard-shortcut first-keystroke="alt 0" />
  </action>
  <action id="PinActiveTab">
    <keyboard-shortcut first-keystroke="alt 0" />
  </action>
  <action id="PinToolwindowTab">
    <keyboard-shortcut first-keystroke="alt 0" />
  </action>
  <action id="PreviousWindow">
    <keyboard-shortcut first-keystroke="alt left" />
  </action>
  <action id="QuickImplementations">
    <keyboard-shortcut first-keystroke="alt f12" />
    <keyboard-shortcut first-keystroke="alt o" />
  </action>
  <action id="QuickTypeDefinition">
    <keyboard-shortcut first-keystroke="alt n" />
  </action>
  <action id="RecentFiles">
    <keyboard-shortcut first-keystroke="alt period" />
  </action>
  <action id="RecentLocations">
    <keyboard-shortcut first-keystroke="alt comma" />
  </action>
  <action id="RecentProjectListGroup" />
  <action id="Refactorings.QuickListPopupAction">
    <keyboard-shortcut first-keystroke="shift ctrl r" />
    <keyboard-shortcut first-keystroke="ctrl quote" />
  </action>
  <action id="ReformatCode">
    <keyboard-shortcut first-keystroke="shift alt f" />
    <keyboard-shortcut first-keystroke="alt f" />
  </action>
  <action id="Rerun">
    <keyboard-shortcut first-keystroke="shift ctrl f5" />
  </action>
  <action id="RerunFailedTests" />
  <action id="Resume">
    <keyboard-shortcut first-keystroke="f5" />
    <keyboard-shortcut first-keystroke="alt b" />
  </action>
  <action id="Run">
    <keyboard-shortcut first-keystroke="ctrl f5" />
    <keyboard-shortcut first-keystroke="ctrl r" />
  </action>
  <action id="SaveDocument" />
  <action id="ScrollPane-scrollDown">
    <keyboard-shortcut first-keystroke="ctrl down" />
  </action>
  <action id="ScrollPane-scrollLeft">
    <keyboard-shortcut first-keystroke="alt h" />
  </action>
  <action id="ScrollPane-scrollRight">
    <keyboard-shortcut first-keystroke="alt j" />
  </action>
  <action id="ScrollPane-scrollUp">
    <keyboard-shortcut first-keystroke="ctrl up" />
  </action>
  <action id="ScrollPane-unitScrollDown" />
  <action id="ScrollPane-unitScrollUp" />
  <action id="SelectNextOccurrence">
    <keyboard-shortcut first-keystroke="ctrl f3" />
    <keyboard-shortcut first-keystroke="alt a" />
  </action>
  <action id="ShowErrorDescription">
    <keyboard-shortcut first-keystroke="ctrl f1" />
    <keyboard-shortcut first-keystroke="ctrl comma" />
  </action>
  <action id="ShowNavBar">
    <keyboard-shortcut first-keystroke="shift ctrl semicolon" />
    <keyboard-shortcut first-keystroke="alt open_bracket" />
  </action>
  <action id="ShowPopupMenu">
    <keyboard-shortcut first-keystroke="shift f10" />
    <keyboard-shortcut first-keystroke="context_menu" />
    <keyboard-shortcut first-keystroke="ctrl n" />
  </action>
  <action id="ShowSettings" />
  <action id="SliceBackward">
    <keyboard-shortcut first-keystroke="ctrl 8" />
  </action>
  <action id="SliceForward">
    <keyboard-shortcut first-keystroke="alt 8" />
  </action>
  <action id="SmartStepInto">
    <keyboard-shortcut first-keystroke="shift f7" />
    <keyboard-shortcut first-keystroke="alt v" />
  </action>
  <action id="StepOver">
    <keyboard-shortcut first-keystroke="f10" />
    <keyboard-shortcut first-keystroke="alt x" />
  </action>
  <action id="Stop">
    <keyboard-shortcut first-keystroke="shift f5" />
    <keyboard-shortcut first-keystroke="alt r" />
  </action>
  <action id="SwitchHeaderSource" />
  <action id="Switcher">
    <keyboard-shortcut first-keystroke="ctrl tab" />
    <keyboard-shortcut first-keystroke="shift ctrl tab" />
    <keyboard-shortcut first-keystroke="alt down" />
  </action>
  <action id="SwitcherIterateItems" />
  <action id="SwitcherRecentEditedChangedToggleCheckBox" />
  <action id="Terminal.ClearBuffer" />
  <action id="Terminal.SelectBlockAbove">
    <keyboard-shortcut first-keystroke="up" />
  </action>
  <action id="Terminal.SelectLastBlock" />
  <action id="Terminal.SelectPrompt" />
  <action id="Terminal.ShowDocumentation">
    <keyboard-shortcut first-keystroke="ctrl k" second-keystroke="ctrl i" />
  </action>
  <action id="TerminalDecreaseFontSize" />
  <action id="TerminalIncreaseFontSize" />
  <action id="ToggleBookmark">
    <keyboard-shortcut first-keystroke="ctrl s" />
  </action>
  <action id="UnselectPreviousOccurrence" />
  <action id="UsageFiltering.Imports" />
  <action id="UsageFiltering.ReadAccess" />
  <action id="UsageView.Remove">
    <keyboard-shortcut first-keystroke="shift delete" />
  </action>
  <action id="UsageView.Rerun">
    <keyboard-shortcut first-keystroke="shift ctrl f5" />
  </action>
  <action id="Vcs.Log.FocusTextFilter" />
  <action id="Vcs.Log.ShowTooltip">
    <keyboard-shortcut first-keystroke="ctrl k" second-keystroke="ctrl i" />
  </action>
  <action id="Vcs.ShowMessageHistory" />
  <action id="hg4idea.QFold" />
  <action id="org.intellij.plugins.markdown.ui.actions.styling.InsertImageAction" />
  <action id="org.intellij.plugins.markdown.ui.actions.styling.ToggleBoldAction" />
  <action id="org.intellij.plugins.markdown.ui.actions.styling.ToggleCodeSpanAction" />
  <action id="org.intellij.plugins.markdown.ui.actions.styling.ToggleItalicAction" />
</keymap>